{"cLFv0IpO1Ggzwa6Qyqss/w==":"logo2.png","KVBs2uqL4mdvvoRYWxMfJg==":"logo2-1.png","nV7tRBaq4UVpVCug25rrOg==":"bk-122x117.jpg","m3e1FzDfk42bOLkbWznJPw==":"bk-126x70.jpg","V0FrYtUQ6KFWuMZr/8UH8Q==":"bk-218x121.png","DcISNjtZihtZX+YG7me1Tw==":"kisspng-blockchain-vector-graphics-computer-icons-illustra-flvr-calculator-chasing-coins-5bf69839402611.9278574715428874812628-220x220.png","uUMvOPoPNH2znlLRoCc1cw==":"kisspng-blockchain-vector-graphics-computer-icons-illustra-flvr-calculator-chasing-coins-5bf69839402611.9278574715428874812628-192x192.png"}